CCAA,final_grade,acom_code,1_list
Aragón,12.134749999999999,02,13.0
Cataluña,12.103986486486487,09,13.0
