CCAA,final_grade,acom_code,1_list
Aragón,12.134750000000002,02,13.0
Cataluña,12.103986486486484,09,13.0
